{
  "model_name": "Modelo Demonstração",
  "evaluation_date": "2025-09-18T14:51:49.839369",
  "data_shape": {
    "samples": 1000,
    "features": 25
  },
  "basic_metrics": {
    "accuracy": 0.4994,
    "precision": 0.5194879094914371,
    "recall": 0.4994,
    "f1_score": 0.5044560193262471
  },
  "hit_rates": {
    "hit_rate_11": 0.001,
    "hit_rate_12": 0.003,
    "hit_rate_13": 0.014,
    "hit_rate_14": 0.041,
    "hit_rate_15": 0.099
  },
  "calibration": {
    "brier_score": 0.33409614927217307,
    "log_loss": 1.0023311303195614,
    "expected_calibration_error": 0.25859867142819953
  },
  "frequency_metrics": {
    "frequency_correlation": -0.0921849315194514,
    "frequency_deviation": 0.10028372409263163,
    "hot_numbers_precision": 0.5007142857142857,
    "cold_numbers_precision": 0.49755555555555553
  },
  "pattern_metrics": {
    "odd_even_accuracy": 0.9130375350400066,
    "dezena1_accuracy": 0.9286214397691457,
    "dezena2_accuracy": 0.9365939356823433,
    "dezena3_accuracy": 0.9676450843941249,
    "avg_consecutive_true": 12.207,
    "avg_consecutive_pred": 12.235,
    "consecutive_accuracy": 0.9720000000000013
  },
  "statistical_tests": {
    "normality_test": {
      "statistic": 0.9533596372019775,
      "p_value": 3.0517340723565445e-37,
      "is_normal": "False"
    },
    "uniformity_test": {
      "statistic": 0.0040000000000000036,
      "p_value": 0.9878150463090221,
      "is_uniform": "True"
    },
    "model_vs_baseline": {
      "statistic": 313708547.0,
      "p_value": 0.45391664498222717,
      "model_better": "False"
    },
    "independence_test": {
      "statistic": 27.23333333333333,
      "p_value": 0.2936948227906852,
      "degrees_freedom": 24,
      "is_independent": "True"
    }
  },
  "roi_analysis": {
    "total_investment": 3000.0,
    "total_return": 615,
    "net_profit": -2385.0,
    "roi_percentage": -79.5,
    "break_even_rate": 1.0,
    "hit_distribution": {
      "hits_11": 81,
      "hits_11_rate": 0.081,
      "hits_12": 16,
      "hits_12_rate": 0.016,
      "hits_13": 2,
      "hits_13_rate": 0.002,
      "hits_14": 0,
      "hits_14_rate": 0.0,
      "hits_15": 0,
      "hits_15_rate": 0.0
    }
  },
  "overall_score": 0.38048831192475874
}