{
  "timestamp": "20250919_103106",
  "modelo": "Ensemble Otimizado (RF + GB + SVM + LR)",
  "dados": {
    "total_concursos": 3490,
    "features_shape": [
      3490,
      49
    ],
    "treino_amostras": 2792,
    "teste_amostras": 698
  },
  "metricas": {
    "accuracy": 0.8166189111747851,
    "precision": 0.7592999703586603,
    "recall": 0.8166189111747851,
    "f1_score": 0.7368752134895075,
    "roc_auc": 0.6022889254385966
  },
  "meta_85_90": false,
  "status": "❌ ABAIXO DA META - Necessário ajustes"
}